trial,eX,eY,eZ,decision,quantum_decision
1,0.5217391304347826,0.5041322314049587,0.5111111111111111,REJECT,REJECT
2,0.5377358490566038,0.5636856368563685,0.4952076677316294,REJECT,REJECT
3,0.5223880597014925,0.4892966360856269,0.5059171597633136,REJECT,REJECT
4,0.4738372093023256,0.5048231511254019,0.5101449275362319,REJECT,REJECT
5,0.4783861671469741,0.47435897435897434,0.5131964809384164,REJECT,REJECT
6,0.453416149068323,0.525,0.5031446540880503,REJECT,REJECT
7,0.5029761904761905,0.49554896142433236,0.5076452599388379,REJECT,REJECT
8,0.47513812154696133,0.5285285285285285,0.47540983606557374,REJECT,REJECT
9,0.4986225895316804,0.5081967213114754,0.5120481927710844,REJECT,REJECT
10,0.5446428571428571,0.5134328358208955,0.47720364741641336,REJECT,REJECT
11,0.5160349854227405,0.5445859872611465,0.45481049562682213,REJECT,REJECT
12,0.5341246290801187,0.5576923076923077,0.5185185185185185,REJECT,REJECT
13,0.4692737430167598,0.5187319884726225,0.4542372881355932,REJECT,REJECT
14,0.5110410094637224,0.48909657320872274,0.5303867403314917,REJECT,REJECT
15,0.4940119760479042,0.45722713864306785,0.5382262996941896,REJECT,REJECT
16,0.5369774919614148,0.513595166163142,0.5195530726256983,REJECT,REJECT
17,0.5015197568389058,0.4707692307692308,0.476878612716763,REJECT,REJECT
18,0.48011363636363635,0.4722222222222222,0.49691358024691357,REJECT,REJECT
19,0.439873417721519,0.5,0.5091463414634146,REJECT,REJECT
20,0.5105105105105106,0.501466275659824,0.4815950920245399,REJECT,REJECT
21,0.49185667752442996,0.5014409221902018,0.5202312138728323,REJECT,REJECT
22,0.5075075075075075,0.561046511627907,0.5232198142414861,REJECT,REJECT
23,0.49854227405247814,0.5203488372093024,0.5335463258785943,REJECT,REJECT
24,0.44375,0.49850746268656715,0.5362318840579711,REJECT,REJECT
25,0.49142857142857144,0.5108359133126935,0.4923547400611621,REJECT,REJECT
26,0.4837758112094395,0.480225988700565,0.46579804560260585,REJECT,REJECT
27,0.4689265536723164,0.44376899696048633,0.5205047318611987,REJECT,REJECT
28,0.5167173252279635,0.5474006116207951,0.5058139534883721,REJECT,REJECT
29,0.5306748466257669,0.52046783625731,0.44879518072289154,REJECT,REJECT
30,0.48615384615384616,0.47875354107648727,0.5745341614906833,REJECT,REJECT
31,0.5311653116531165,0.5318471337579618,0.5299684542586751,REJECT,REJECT
32,0.46742209631728043,0.5076452599388379,0.50625,REJECT,REJECT
33,0.4909090909090909,0.49240121580547114,0.4750733137829912,REJECT,REJECT
34,0.45614035087719296,0.5141065830721003,0.5162241887905604,REJECT,REJECT
35,0.5354107648725213,0.5107033639143731,0.55,REJECT,REJECT
36,0.5014409221902018,0.43492063492063493,0.4911242603550296,REJECT,REJECT
37,0.5098591549295775,0.4925373134328358,0.49032258064516127,REJECT,REJECT
38,0.502906976744186,0.5245398773006135,0.4909090909090909,REJECT,REJECT
39,0.5391566265060241,0.5106382978723404,0.5073746312684366,REJECT,REJECT
40,0.5732899022801303,0.5299401197604791,0.48746518105849584,REJECT,REJECT
41,0.48742138364779874,0.5105105105105106,0.49283667621776506,REJECT,REJECT
42,0.4702194357366771,0.48148148148148145,0.5242424242424243,REJECT,REJECT
43,0.5203488372093024,0.5117647058823529,0.5031645569620253,REJECT,REJECT
44,0.5333333333333333,0.5188679245283019,0.4744318181818182,REJECT,REJECT
45,0.5384615384615384,0.49421965317919075,0.49848024316109424,REJECT,REJECT
46,0.530791788856305,0.498567335243553,0.4935483870967742,REJECT,REJECT
47,0.5441176470588235,0.5314465408805031,0.4824561403508772,REJECT,REJECT
48,0.5143769968051118,0.5106382978723404,0.48324022346368717,REJECT,REJECT
49,0.46607669616519176,0.5239520958083832,0.47706422018348627,REJECT,REJECT
50,0.48579545454545453,0.5149700598802395,0.5318471337579618,REJECT,REJECT
51,0.4818941504178273,0.5294117647058824,0.5125786163522013,REJECT,REJECT
52,0.48717948717948717,0.5284090909090909,0.5059523809523809,REJECT,REJECT
53,0.4835820895522388,0.5105740181268882,0.5179640718562875,REJECT,REJECT
54,0.5,0.5279503105590062,0.5089820359281437,REJECT,REJECT
55,0.5195195195195195,0.47878787878787876,0.49258160237388726,REJECT,REJECT
56,0.5153374233128835,0.531055900621118,0.4602272727272727,REJECT,REJECT
57,0.5156695156695157,0.4528301886792453,0.5468277945619335,REJECT,REJECT
58,0.5230769230769231,0.5342465753424658,0.4870967741935484,REJECT,REJECT
59,0.5380434782608695,0.471976401179941,0.45733788395904434,REJECT,REJECT
60,0.4325068870523416,0.5273311897106109,0.5460122699386503,REJECT,REJECT
61,0.5058823529411764,0.4897360703812317,0.5517241379310345,REJECT,REJECT
62,0.5261437908496732,0.5260115606936416,0.5,REJECT,REJECT
63,0.51875,0.515625,0.45,REJECT,REJECT
64,0.47305389221556887,0.5177514792899408,0.5396341463414634,REJECT,REJECT
65,0.5128205128205128,0.540453074433657,0.4588235294117647,REJECT,REJECT
66,0.5014925373134328,0.4914772727272727,0.49201277955271566,REJECT,REJECT
67,0.5258064516129032,0.4613259668508287,0.5213414634146342,REJECT,REJECT
68,0.446875,0.5137614678899083,0.47592067988668557,REJECT,REJECT
69,0.5130434782608696,0.4772727272727273,0.49279538904899134,REJECT,REJECT
70,0.5368098159509203,0.515850144092219,0.4923547400611621,REJECT,REJECT
71,0.4472934472934473,0.5149700598802395,0.5206349206349207,REJECT,REJECT
72,0.5375722543352601,0.4953271028037383,0.4894894894894895,REJECT,REJECT
73,0.5057803468208093,0.5141065830721003,0.5283582089552239,REJECT,REJECT
74,0.5103244837758112,0.5491329479768786,0.5333333333333333,REJECT,REJECT
75,0.48286604361370716,0.5683229813664596,0.5210084033613446,REJECT,REJECT
76,0.40173410404624277,0.4914772727272727,0.5331125827814569,REJECT,REJECT
77,0.4662756598240469,0.5015673981191222,0.5,REJECT,REJECT
78,0.49411764705882355,0.4778481012658228,0.5290697674418605,REJECT,REJECT
79,0.4847457627118644,0.47752808988764045,0.4584527220630373,REJECT,REJECT
80,0.5125,0.5285285285285285,0.4783861671469741,REJECT,REJECT
81,0.49262536873156343,0.49693251533742333,0.5164179104477612,REJECT,REJECT
82,0.5044776119402985,0.47692307692307695,0.4441176470588235,REJECT,REJECT
83,0.5181818181818182,0.5186246418338109,0.514018691588785,REJECT,REJECT
84,0.4471299093655589,0.5251572327044025,0.49002849002849,REJECT,REJECT
85,0.5189873417721519,0.5727002967359051,0.49279538904899134,REJECT,REJECT
86,0.47147147147147145,0.5225988700564972,0.49201277955271566,REJECT,REJECT
87,0.48450704225352115,0.5077399380804953,0.4720496894409938,REJECT,REJECT
88,0.5128939828080229,0.44837758112094395,0.532051282051282,REJECT,REJECT
89,0.538961038961039,0.5056818181818182,0.4970588235294118,REJECT,REJECT
90,0.4876543209876543,0.5085714285714286,0.48773006134969327,REJECT,REJECT
91,0.4721311475409836,0.5131195335276968,0.5028409090909091,REJECT,REJECT
92,0.530791788856305,0.5124223602484472,0.5370919881305638,REJECT,REJECT
93,0.4629080118694362,0.440625,0.5364431486880467,REJECT,REJECT
94,0.4928774928774929,0.5202492211838006,0.5274390243902439,REJECT,REJECT
95,0.49714285714285716,0.46153846153846156,0.5076923076923077,REJECT,REJECT
96,0.49206349206349204,0.5100864553314121,0.4467455621301775,REJECT,REJECT
97,0.4380664652567976,0.5413105413105413,0.5408805031446541,REJECT,REJECT
98,0.4921135646687697,0.49575070821529743,0.44242424242424244,REJECT,REJECT
99,0.46407185628742514,0.48125,0.5028901734104047,REJECT,REJECT
100,0.513677811550152,0.5317919075144508,0.5015384615384615,REJECT,REJECT
