noise_p,trial,eX,eY,eZ,decision,quantum_decision
0.02,1,0.005813953488372093,0.01282051282051282,0.011627906976744186,VALID,ACCEPT
0.02,2,0.012422360248447204,0.012345679012345678,0.01977401129943503,VALID,ACCEPT
0.02,3,0.034375,0.025078369905956112,0.00554016620498615,VALID,ACCEPT
0.02,4,0.018072289156626505,0.019543973941368076,0.013850415512465374,VALID,ACCEPT
0.02,5,0.011869436201780416,0.020172910662824207,0.012658227848101266,VALID,ACCEPT
0.02,6,0.0064516129032258064,0.011049723756906077,0.006097560975609756,VALID,ACCEPT
0.02,7,0.017391304347826087,0.008955223880597015,0.009375,VALID,ACCEPT
0.02,8,0.012779552715654952,0.0058997050147492625,0.014367816091954023,VALID,ACCEPT
0.02,9,0.006688963210702341,0.018970189701897018,0.0030120481927710845,VALID,ACCEPT
0.02,10,0.003048780487804878,0.014450867052023121,0.009202453987730062,VALID,ACCEPT
0.02,11,0.008928571428571428,0.026143790849673203,0.019553072625698324,VALID,ACCEPT
0.02,12,0.00872093023255814,0.017699115044247787,0.0031545741324921135,VALID,ACCEPT
0.02,13,0.009009009009009009,0.008823529411764706,0.01529051987767584,VALID,ACCEPT
0.02,14,0.002824858757062147,0.006514657980456026,0.014749262536873156,VALID,ACCEPT
0.02,15,0.003115264797507788,0.011142061281337047,0.028125,VALID,ACCEPT
0.02,16,0.013029315960912053,0.01977401129943503,0.008849557522123894,VALID,ACCEPT
0.02,17,0.009708737864077669,0.0029069767441860465,0.011527377521613832,VALID,ACCEPT
0.02,18,0.009230769230769232,0.010638297872340425,0.013377926421404682,VALID,ACCEPT
0.02,19,0.014084507042253521,0.006493506493506494,0.002967359050445104,VALID,ACCEPT
0.02,20,0.0029940119760479044,0.018691588785046728,0.028985507246376812,VALID,ACCEPT
0.02,21,0.011019283746556474,0.01529051987767584,0.016129032258064516,VALID,ACCEPT
0.02,22,0.008955223880597015,0.0029940119760479044,0.012084592145015106,VALID,ACCEPT
0.02,23,0.0113314447592068,0.0031446540880503146,0.0182370820668693,VALID,ACCEPT
0.02,24,0.029069767441860465,0.026706231454005934,0.01567398119122257,VALID,ACCEPT
0.02,25,0.017595307917888565,0.02976190476190476,0.01238390092879257,VALID,ACCEPT
0.02,26,0.020771513353115726,0.0106951871657754,0.0034602076124567475,VALID,ACCEPT
0.02,27,0.006472491909385114,0.0028735632183908046,0.011661807580174927,VALID,ACCEPT
0.02,28,0.019390581717451522,0.009375,0.012539184952978056,VALID,ACCEPT
0.02,29,0.021341463414634148,0.0189873417721519,0.014044943820224719,VALID,ACCEPT
0.02,30,0.008746355685131196,0.009375,0.002967359050445104,VALID,ACCEPT
0.02,31,0.014084507042253521,0.020348837209302327,0.013289036544850499,VALID,ACCEPT
0.02,32,0.018518518518518517,0.014619883040935672,0.017964071856287425,VALID,ACCEPT
0.02,33,0.017699115044247787,0.0029850746268656717,0.012269938650306749,VALID,ACCEPT
0.02,34,0.012269938650306749,0.028011204481792718,0.022082018927444796,VALID,ACCEPT
0.02,35,0.0084985835694051,0.01597444089456869,0.017964071856287425,VALID,ACCEPT
0.02,36,0.015060240963855422,0.022292993630573247,0.025423728813559324,VALID,ACCEPT
0.02,37,0.01935483870967742,0.00906344410876133,0.025069637883008356,VALID,ACCEPT
0.02,38,0.02710843373493976,0.012618296529968454,0.014245014245014245,VALID,ACCEPT
0.02,39,0.01282051282051282,0.01524390243902439,0.013888888888888888,VALID,ACCEPT
0.02,40,0.00847457627118644,0.006289308176100629,0.01524390243902439,VALID,ACCEPT
0.02,41,0.005633802816901409,0.01488095238095238,0.003236245954692557,VALID,ACCEPT
0.02,42,0.019169329073482427,0.011428571428571429,0.011869436201780416,VALID,ACCEPT
0.02,43,0.011764705882352941,0.008902077151335312,0.01238390092879257,VALID,ACCEPT
0.02,44,0.014925373134328358,0.018292682926829267,0.008902077151335312,VALID,ACCEPT
0.02,45,0.017964071856287425,0.012578616352201259,0.02586206896551724,VALID,ACCEPT
0.02,46,0.020895522388059702,0.011396011396011397,0.009554140127388535,VALID,ACCEPT
0.02,47,0.013201320132013201,0.00909090909090909,0.021798365122615803,VALID,ACCEPT
0.02,48,0.025714285714285714,0.0029154518950437317,0.003257328990228013,VALID,ACCEPT
0.02,49,0.01834862385321101,0.023255813953488372,0.0182370820668693,VALID,ACCEPT
0.02,50,0.012422360248447204,0.005797101449275362,0.009009009009009009,VALID,ACCEPT
0.02,51,0.012422360248447204,0.018575851393188854,0.014084507042253521,VALID,ACCEPT
0.02,52,0.011869436201780416,0.015197568389057751,0.017964071856287425,VALID,ACCEPT
0.02,53,0.006756756756756757,0.011363636363636364,0.008522727272727272,VALID,ACCEPT
0.02,54,0.015015015015015015,0.011834319526627219,0.0060790273556231,VALID,ACCEPT
0.02,55,0.01098901098901099,0.018518518518518517,0.016025641025641024,VALID,ACCEPT
0.02,56,0.01466275659824047,0.011976047904191617,0.006153846153846154,VALID,ACCEPT
0.02,57,0.018404907975460124,0.0189873417721519,0.00558659217877095,VALID,ACCEPT
0.02,58,0.015432098765432098,0.011494252873563218,0.003048780487804878,VALID,ACCEPT
0.02,59,0.011730205278592375,0.00946372239747634,0.008771929824561403,VALID,ACCEPT
0.02,60,0.012195121951219513,0.01791044776119403,0.002967359050445104,VALID,ACCEPT
0.02,61,0.020289855072463767,0.01483679525222552,0.006289308176100629,VALID,ACCEPT
0.02,62,0.009202453987730062,0.014245014245014245,0.018575851393188854,VALID,ACCEPT
0.02,63,0.017391304347826087,0.01567398119122257,0.005952380952380952,VALID,ACCEPT
0.02,64,0.002932551319648094,0.019169329073482427,0.011560693641618497,VALID,ACCEPT
0.02,65,0.0182370820668693,0.01366120218579235,0.013114754098360656,VALID,ACCEPT
0.02,66,0.02108433734939759,0.039755351681957186,0.011730205278592375,VALID,ACCEPT
0.02,67,0.006872852233676976,0.025495750708215296,0.011235955056179775,VALID,ACCEPT
0.02,68,0.015625,0.020895522388059702,0.02608695652173913,VALID,ACCEPT
0.02,69,0.03355704697986577,0.0058823529411764705,0.019337016574585635,VALID,ACCEPT
0.02,70,0.014970059880239521,0.017595307917888565,0.018461538461538463,VALID,ACCEPT
0.02,71,0.014534883720930232,0.006349206349206349,0.017595307917888565,VALID,ACCEPT
0.02,72,0.010273972602739725,0.029069767441860465,0.016483516483516484,VALID,ACCEPT
0.02,73,0.009345794392523364,0.012307692307692308,0.01977401129943503,VALID,ACCEPT
0.02,74,0.01366120218579235,0.015337423312883436,0.016233766233766232,VALID,ACCEPT
0.02,75,0.006309148264984227,0.02,0.012012012012012012,VALID,ACCEPT
0.02,76,0.008875739644970414,0.005681818181818182,0.00967741935483871,VALID,ACCEPT
0.02,77,0.02416918429003021,0.0061162079510703364,0.023391812865497075,VALID,ACCEPT
0.02,78,0.020895522388059702,0.0057306590257879654,0.0031645569620253164,VALID,ACCEPT
0.02,79,0.011834319526627219,0.012121212121212121,0.009036144578313253,VALID,ACCEPT
0.02,80,0.0058997050147492625,0.01764705882352941,0.009345794392523364,VALID,ACCEPT
0.02,81,0.013888888888888888,0.009316770186335404,0.009433962264150943,VALID,ACCEPT
0.02,82,0.01764705882352941,0.012987012987012988,0.014204545454545454,VALID,ACCEPT
0.02,83,0.005509641873278237,0.01730103806228374,0.011494252873563218,VALID,ACCEPT
0.02,84,0.012048192771084338,0.015337423312883436,0.011695906432748537,VALID,ACCEPT
0.02,85,0.018867924528301886,0.01643835616438356,0.00946372239747634,VALID,ACCEPT
0.02,86,0.0121580547112462,0.014619883040935672,0.0182370820668693,VALID,ACCEPT
0.02,87,0.015432098765432098,0.01775147928994083,0.014792899408284023,VALID,ACCEPT
0.02,88,0.009375,0.009345794392523364,0.011142061281337047,VALID,ACCEPT
0.02,89,0.01775147928994083,0.01812688821752266,0.00906344410876133,VALID,ACCEPT
0.02,90,0.017543859649122806,0.024024024024024024,0.012307692307692308,VALID,ACCEPT
0.02,91,0.017543859649122806,0.019230769230769232,0.02601156069364162,VALID,ACCEPT
0.02,92,0.008902077151335312,0.016129032258064516,0.0084985835694051,VALID,ACCEPT
0.02,93,0.008620689655172414,0.006191950464396285,0.015197568389057751,VALID,ACCEPT
0.02,94,0.012084592145015106,0.011730205278592375,0.012195121951219513,VALID,ACCEPT
0.02,95,0.002932551319648094,0.015772870662460567,0.008771929824561403,VALID,ACCEPT
0.02,96,0.019230769230769232,0.008670520231213872,0.02046783625730994,VALID,ACCEPT
0.02,97,0.026785714285714284,0.005970149253731343,0.015197568389057751,VALID,ACCEPT
0.02,98,0.009202453987730062,0.025280898876404494,0.006289308176100629,VALID,ACCEPT
0.02,99,0.01675977653631285,0.019736842105263157,0.03550295857988166,VALID,ACCEPT
0.02,100,0.013623978201634877,0.017064846416382253,0.011764705882352941,VALID,ACCEPT
0.022,1,0.008670520231213872,0.012461059190031152,0.02702702702702703,VALID,ACCEPT
0.022,2,0.019943019943019943,0.012903225806451613,0.017699115044247787,VALID,ACCEPT
0.022,3,0.020289855072463767,0.012461059190031152,0.017964071856287425,VALID,ACCEPT
0.022,4,0.020833333333333332,0.012422360248447204,0.005847953216374269,VALID,ACCEPT
0.022,5,0.008403361344537815,0.006644518272425249,0.017543859649122806,VALID,ACCEPT
0.022,6,0.012232415902140673,0.023809523809523808,0.008902077151335312,VALID,ACCEPT
0.022,7,0.008547008547008548,0.0113314447592068,0.016891891891891893,VALID,ACCEPT
0.022,8,0.006289308176100629,0.0058309037900874635,0.0058997050147492625,VALID,ACCEPT
0.022,9,0.020114942528735632,0.0058823529411764705,0.01282051282051282,VALID,ACCEPT
0.022,10,0.017341040462427744,0.006060606060606061,0.009259259259259259,VALID,ACCEPT
0.022,11,0.009375,0.01524390243902439,0.008522727272727272,VALID,ACCEPT
0.022,12,0.018461538461538463,0.02416918429003021,0.01744186046511628,VALID,ACCEPT
0.022,13,0.011494252873563218,0.025559105431309903,0.011799410029498525,VALID,ACCEPT
0.022,14,0.021538461538461538,0.023809523809523808,0.014749262536873156,VALID,ACCEPT
0.022,15,0.02476780185758514,0.011299435028248588,0.0030959752321981426,VALID,ACCEPT
0.022,16,0.017595307917888565,0.015337423312883436,0.012012012012012012,VALID,ACCEPT
0.022,17,0.015772870662460567,0.02040816326530612,0.014705882352941176,VALID,ACCEPT
0.022,18,0.029498525073746312,0.009230769230769232,0.023809523809523808,VALID,ACCEPT
0.022,19,0.012461059190031152,0.011661807580174927,0.011904761904761904,VALID,ACCEPT
0.022,20,0.011527377521613832,0.012269938650306749,0.01529051987767584,VALID,ACCEPT
0.022,21,0.00872093023255814,0.009174311926605505,0.0121580547112462,VALID,ACCEPT
0.022,22,0.03363914373088685,0.006578947368421052,0.013550135501355014,VALID,ACCEPT
0.022,23,0.009202453987730062,0.014245014245014245,0.018575851393188854,VALID,ACCEPT
0.022,24,0.02318840579710145,0.011730205278592375,0.022292993630573247,VALID,ACCEPT
0.022,25,0.008620689655172414,0.006389776357827476,0.02064896755162242,VALID,ACCEPT
0.022,26,0.017094017094017096,0.02064896755162242,0.0064516129032258064,VALID,ACCEPT
0.022,27,0.030716723549488054,0.011299435028248588,0.019830028328611898,VALID,ACCEPT
0.022,28,0.006024096385542169,0.017595307917888565,0.0030581039755351682,VALID,ACCEPT
0.022,29,0.0113314447592068,0.0030303030303030303,0.012618296529968454,VALID,ACCEPT
0.022,30,0.01675977653631285,0.018518518518518517,0.012578616352201259,VALID,ACCEPT
0.022,31,0.0111731843575419,0.018575851393188854,0.012539184952978056,VALID,ACCEPT
0.022,32,0.012345679012345678,0.014084507042253521,0.03115264797507788,VALID,ACCEPT
0.022,33,0.024844720496894408,0.016483516483516484,0.012738853503184714,VALID,ACCEPT
0.022,34,0.00906344410876133,0.020958083832335328,0.029850746268656716,VALID,ACCEPT
0.022,35,0.025157232704402517,0.014367816091954023,0.017964071856287425,VALID,ACCEPT
0.022,36,0.01935483870967742,0.005649717514124294,0.008928571428571428,VALID,ACCEPT
0.022,37,0.02023121387283237,0.00946372239747634,0.005934718100890208,VALID,ACCEPT
0.022,38,0.009345794392523364,0.017804154302670624,0.017543859649122806,VALID,ACCEPT
0.022,39,0.012658227848101266,0.011019283746556474,0.01557632398753894,VALID,ACCEPT
0.022,40,0.01483679525222552,0.022292993630573247,0.014326647564469915,VALID,ACCEPT
0.022,41,0.017241379310344827,0.022364217252396165,0.017699115044247787,VALID,ACCEPT
0.022,42,0.0226628895184136,0.015723270440251572,0.0182370820668693,VALID,ACCEPT
0.022,43,0.011904761904761904,0.012232415902140673,0.002967359050445104,VALID,ACCEPT
0.022,44,0.003003003003003003,0.024691358024691357,0.011661807580174927,VALID,ACCEPT
0.022,45,0.016901408450704224,0.01488095238095238,0.022653721682847898,VALID,ACCEPT
0.022,46,0.022857142857142857,0.011764705882352941,0.016129032258064516,VALID,ACCEPT
0.022,47,0.01592356687898089,0.011869436201780416,0.011461318051575931,VALID,ACCEPT
0.022,48,0.017964071856287425,0.01892744479495268,0.008595988538681949,VALID,ACCEPT
0.022,49,0.012658227848101266,0.00819672131147541,0.015723270440251572,VALID,ACCEPT
0.022,50,0.011834319526627219,0.01529051987767584,0.01791044776119403,VALID,ACCEPT
0.022,51,0.005763688760806916,0.02727272727272727,0.01238390092879257,VALID,ACCEPT
0.022,52,0.002857142857142857,0.021212121212121213,0.009375,VALID,ACCEPT
0.022,53,0.01971830985915493,0.012232415902140673,0.02830188679245283,VALID,ACCEPT
0.022,54,0.018404907975460124,0.020958083832335328,0.014705882352941176,VALID,ACCEPT
0.022,55,0.011799410029498525,0.01812688821752266,0.015151515151515152,VALID,ACCEPT
0.022,56,0.011904761904761904,0.01607717041800643,0.019830028328611898,VALID,ACCEPT
0.022,57,0.005449591280653951,0.01910828025477707,0.006269592476489028,VALID,ACCEPT
0.022,58,0.018518518518518517,0.031791907514450865,0.012121212121212121,VALID,ACCEPT
0.022,59,0.024844720496894408,0.017964071856287425,0.023255813953488372,VALID,ACCEPT
0.022,60,0.023880597014925373,0.009036144578313253,0.012012012012012012,VALID,ACCEPT
0.022,61,0.018072289156626505,0.020710059171597635,0.01818181818181818,VALID,ACCEPT
0.022,62,0.01749271137026239,0.012944983818770227,0.020114942528735632,VALID,ACCEPT
0.022,63,0.011976047904191617,0.026392961876832845,0.015384615384615385,VALID,ACCEPT
0.022,64,0.01680672268907563,0.01892744479495268,0.018404907975460124,VALID,ACCEPT
0.022,65,0.012903225806451613,0.02023121387283237,0.011627906976744186,VALID,ACCEPT
0.022,66,0.00641025641025641,0.02694610778443114,0.005649717514124294,VALID,ACCEPT
0.022,67,0.015015015015015015,0.0084985835694051,0.009554140127388535,VALID,ACCEPT
0.022,68,0.009036144578313253,0.017391304347826087,0.018575851393188854,VALID,ACCEPT
0.022,69,0.02046783625730994,0.011764705882352941,0.0220125786163522,VALID,ACCEPT
0.022,70,0.0182370820668693,0.0,0.011594202898550725,VALID,ACCEPT
0.022,71,0.01466275659824047,0.018575851393188854,0.008928571428571428,VALID,ACCEPT
0.022,72,0.025,0.01238390092879257,0.01680672268907563,VALID,ACCEPT
0.022,73,0.0182370820668693,0.014792899408284023,0.03303303303303303,VALID,ACCEPT
0.022,74,0.009708737864077669,0.009202453987730062,0.010958904109589041,VALID,ACCEPT
0.022,75,0.009287925696594427,0.025936599423631124,0.0030303030303030303,VALID,ACCEPT
0.022,76,0.011764705882352941,0.015625,0.01764705882352941,VALID,ACCEPT
0.022,77,0.019169329073482427,0.017543859649122806,0.028985507246376812,VALID,ACCEPT
0.022,78,0.016713091922005572,0.02616279069767442,0.010101010101010102,VALID,ACCEPT
0.022,79,0.01764705882352941,0.018018018018018018,0.012232415902140673,VALID,ACCEPT
0.022,80,0.0029069767441860465,0.015873015873015872,0.008797653958944282,VALID,ACCEPT
0.022,81,0.020202020202020204,0.013927576601671309,0.01744186046511628,VALID,ACCEPT
0.022,82,0.008241758241758242,0.012269938650306749,0.016129032258064516,VALID,ACCEPT
0.022,83,0.013774104683195593,0.024844720496894408,0.015873015873015872,VALID,ACCEPT
0.022,84,0.019736842105263157,0.0053475935828877,0.015527950310559006,VALID,ACCEPT
0.022,85,0.01282051282051282,0.016216216216216217,0.0031446540880503146,VALID,ACCEPT
0.022,86,0.025078369905956112,0.027439024390243903,0.0113314447592068,VALID,ACCEPT
0.022,87,0.020289855072463767,0.0125,0.023880597014925373,VALID,ACCEPT
0.022,88,0.008571428571428572,0.014367816091954023,0.016556291390728478,VALID,ACCEPT
0.022,89,0.030120481927710843,0.014450867052023121,0.009316770186335404,VALID,ACCEPT
0.022,90,0.021021021021021023,0.019943019943019943,0.015822784810126583,VALID,ACCEPT
0.022,91,0.017804154302670624,0.014285714285714285,0.025559105431309903,VALID,ACCEPT
0.022,92,0.006578947368421052,0.006060606060606061,0.0273224043715847,VALID,ACCEPT
0.022,93,0.014577259475218658,0.015772870662460567,0.01764705882352941,VALID,ACCEPT
0.022,94,0.012269938650306749,0.006134969325153374,0.011494252873563218,VALID,ACCEPT
0.022,95,0.005813953488372093,0.03867403314917127,0.01020408163265306,VALID,ACCEPT
0.022,96,0.01744186046511628,0.015723270440251572,0.020710059171597635,VALID,ACCEPT
0.022,97,0.02346041055718475,0.009836065573770493,0.011299435028248588,VALID,ACCEPT
0.022,98,0.013927576601671309,0.012698412698412698,0.012269938650306749,VALID,ACCEPT
0.022,99,0.02727272727272727,0.011834319526627219,0.02108433734939759,VALID,ACCEPT
0.022,100,0.015060240963855422,0.01749271137026239,0.009230769230769232,VALID,ACCEPT
0.025,1,0.017857142857142856,0.014204545454545454,0.019230769230769232,VALID,ACCEPT
0.025,2,0.02821316614420063,0.00558659217877095,0.01238390092879257,VALID,ACCEPT
0.025,3,0.015337423312883436,0.033950617283950615,0.011428571428571429,VALID,ACCEPT
0.025,4,0.02,0.019417475728155338,0.011730205278592375,VALID,ACCEPT
0.025,5,0.022988505747126436,0.009836065573770493,0.023054755043227664,VALID,ACCEPT
0.025,6,0.01238390092879257,0.008670520231213872,0.01812688821752266,VALID,ACCEPT
0.025,7,0.011363636363636364,0.014164305949008499,0.023728813559322035,VALID,ACCEPT
0.025,8,0.014164305949008499,0.00911854103343465,0.009433962264150943,VALID,ACCEPT
0.025,9,0.01749271137026239,0.01744186046511628,0.01597444089456869,VALID,ACCEPT
0.025,10,0.015015015015015015,0.025078369905956112,0.017241379310344827,VALID,ACCEPT
0.025,11,0.011799410029498525,0.012578616352201259,0.029154518950437316,VALID,ACCEPT
0.025,12,0.01977401129943503,0.030395136778115502,0.00946372239747634,VALID,ACCEPT
0.025,13,0.005633802816901409,0.0196078431372549,0.011799410029498525,VALID,ACCEPT
0.025,14,0.02287581699346405,0.01675977653631285,0.011904761904761904,VALID,ACCEPT
0.025,15,0.024615384615384615,0.011461318051575931,0.003067484662576687,VALID,ACCEPT
0.025,16,0.015479876160990712,0.01749271137026239,0.014970059880239521,VALID,ACCEPT
0.025,17,0.015873015873015872,0.011267605633802818,0.01818181818181818,VALID,ACCEPT
0.025,18,0.005917159763313609,0.020895522388059702,0.01834862385321101,VALID,ACCEPT
0.025,19,0.009287925696594427,0.011560693641618497,0.02416918429003021,VALID,ACCEPT
0.025,20,0.0223463687150838,0.025,0.012422360248447204,VALID,ACCEPT
0.025,21,0.018404907975460124,0.018666666666666668,0.023411371237458192,VALID,ACCEPT
0.025,22,0.03761755485893417,0.01729106628242075,0.020958083832335328,VALID,ACCEPT
0.025,23,0.022727272727272728,0.006191950464396285,0.018461538461538463,VALID,ACCEPT
0.025,24,0.03205128205128205,0.012121212121212121,0.01675977653631285,VALID,ACCEPT
0.025,25,0.011661807580174927,0.005865102639296188,0.015822784810126583,VALID,ACCEPT
0.025,26,0.021739130434782608,0.014204545454545454,0.02147239263803681,VALID,ACCEPT
0.025,27,0.009036144578313253,0.008928571428571428,0.012048192771084338,VALID,ACCEPT
0.025,28,0.011730205278592375,0.015015015015015015,0.009202453987730062,VALID,ACCEPT
0.025,29,0.01812688821752266,0.022535211267605635,0.025477707006369428,VALID,ACCEPT
0.025,30,0.014970059880239521,0.009174311926605505,0.02064896755162242,VALID,ACCEPT
0.025,31,0.02710843373493976,0.014970059880239521,0.023952095808383235,VALID,ACCEPT
0.025,32,0.0182370820668693,0.020172910662824207,0.018518518518518517,VALID,ACCEPT
0.025,33,0.020895522388059702,0.009433962264150943,0.011527377521613832,VALID,ACCEPT
0.025,34,0.025179856115107913,0.01744186046511628,0.010582010582010581,VALID,ACCEPT
0.025,35,0.02005730659025788,0.012012012012012012,0.012578616352201259,VALID,ACCEPT
0.025,36,0.0189873417721519,0.011461318051575931,0.011940298507462687,VALID,ACCEPT
0.025,37,0.015015015015015015,0.005479452054794521,0.0033112582781456954,VALID,ACCEPT
0.025,38,0.02710843373493976,0.019933554817275746,0.01907356948228883,VALID,ACCEPT
0.025,39,0.011527377521613832,0.009146341463414634,0.018461538461538463,VALID,ACCEPT
0.025,40,0.01238390092879257,0.014749262536873156,0.005917159763313609,VALID,ACCEPT
0.025,41,0.009036144578313253,0.014534883720930232,0.015432098765432098,VALID,ACCEPT
0.025,42,0.023391812865497075,0.011695906432748537,0.022151898734177215,VALID,ACCEPT
0.025,43,0.0219435736677116,0.011363636363636364,0.0364741641337386,VALID,ACCEPT
0.025,44,0.027190332326283987,0.020771513353115726,0.006024096385542169,VALID,ACCEPT
0.025,45,0.016483516483516484,0.032362459546925564,0.012232415902140673,VALID,ACCEPT
0.025,46,0.008547008547008548,0.006191950464396285,0.012269938650306749,VALID,ACCEPT
0.025,47,0.023809523809523808,0.008902077151335312,0.01834862385321101,VALID,ACCEPT
0.025,48,0.02373887240356083,0.0136986301369863,0.003355704697986577,VALID,ACCEPT
0.025,49,0.0226628895184136,0.017804154302670624,0.012903225806451613,VALID,ACCEPT
0.025,50,0.023178807947019868,0.02373887240356083,0.00554016620498615,VALID,ACCEPT
0.025,51,0.024615384615384615,0.03048780487804878,0.008645533141210375,VALID,ACCEPT
0.025,52,0.009146341463414634,0.02976190476190476,0.017857142857142856,VALID,ACCEPT
0.025,53,0.019444444444444445,0.00911854103343465,0.03215434083601286,VALID,ACCEPT
0.025,54,0.029498525073746312,0.0058997050147492625,0.018633540372670808,VALID,ACCEPT
0.025,55,0.006535947712418301,0.020172910662824207,0.01729106628242075,VALID,ACCEPT
0.025,56,0.00974025974025974,0.008928571428571428,0.028089887640449437,VALID,ACCEPT
0.025,57,0.02023121387283237,0.030120481927710843,0.012422360248447204,VALID,ACCEPT
0.025,58,0.022922636103151862,0.0196078431372549,0.005797101449275362,VALID,ACCEPT
0.025,59,0.009523809523809525,0.011764705882352941,0.017391304347826087,VALID,ACCEPT
0.025,60,0.012084592145015106,0.015337423312883436,0.026239067055393587,VALID,ACCEPT
0.025,61,0.012121212121212121,0.021671826625386997,0.01729106628242075,VALID,ACCEPT
0.025,62,0.018867924528301886,0.014164305949008499,0.04559270516717325,INCONCLUSIVE,INCONCLUSIVE
0.025,63,0.02572347266881029,0.014577259475218658,0.023121387283236993,VALID,ACCEPT
0.025,64,0.021341463414634148,0.025787965616045846,0.01238390092879257,VALID,ACCEPT
0.025,65,0.013157894736842105,0.008797653958944282,0.02535211267605634,VALID,ACCEPT
0.025,66,0.021604938271604937,0.013888888888888888,0.00949367088607595,VALID,ACCEPT
0.025,67,0.009375,0.011527377521613832,0.009009009009009009,VALID,ACCEPT
0.025,68,0.01694915254237288,0.01791044776119403,0.01607717041800643,VALID,ACCEPT
0.025,69,0.01524390243902439,0.01775147928994083,0.020958083832335328,VALID,ACCEPT
0.025,70,0.006230529595015576,0.02359882005899705,0.014705882352941176,VALID,ACCEPT
0.025,71,0.01597444089456869,0.008695652173913044,0.02631578947368421,VALID,ACCEPT
0.025,72,0.021875,0.027950310559006212,0.008379888268156424,VALID,ACCEPT
0.025,73,0.02476780185758514,0.025787965616045846,0.009146341463414634,VALID,ACCEPT
0.025,74,0.025936599423631124,0.024464831804281346,0.012269938650306749,VALID,ACCEPT
0.025,75,0.03125,0.014749262536873156,0.020527859237536656,VALID,ACCEPT
0.025,76,0.011730205278592375,0.01488095238095238,0.02786377708978328,VALID,ACCEPT
0.025,77,0.020833333333333332,0.014367816091954023,0.028481012658227847,VALID,ACCEPT
0.025,78,0.0136986301369863,0.011235955056179775,0.017045454545454544,VALID,ACCEPT
0.025,79,0.01694915254237288,0.0196078431372549,0.020588235294117647,VALID,ACCEPT
0.025,80,0.011661807580174927,0.01238390092879257,0.005988023952095809,VALID,ACCEPT
0.025,81,0.015873015873015872,0.017804154302670624,0.014367816091954023,VALID,ACCEPT
0.025,82,0.020958083832335328,0.008670520231213872,0.0125,VALID,ACCEPT
0.025,83,0.023121387283236993,0.011869436201780416,0.022082018927444796,VALID,ACCEPT
0.025,84,0.019230769230769232,0.010899182561307902,0.01557632398753894,VALID,ACCEPT
0.025,85,0.009259259259259259,0.02005730659025788,0.01834862385321101,VALID,ACCEPT
0.025,86,0.012658227848101266,0.019943019943019943,0.009009009009009009,VALID,ACCEPT
0.025,87,0.023880597014925373,0.020958083832335328,0.015105740181268883,VALID,ACCEPT
0.025,88,0.015723270440251572,0.014534883720930232,0.008875739644970414,VALID,ACCEPT
0.025,89,0.017964071856287425,0.01440922190201729,0.0219435736677116,VALID,ACCEPT
0.025,90,0.02108433734939759,0.008771929824561403,0.027607361963190184,VALID,ACCEPT
0.025,91,0.017543859649122806,0.019543973941368076,0.008547008547008548,VALID,ACCEPT
0.025,92,0.0110803324099723,0.025974025974025976,0.01812688821752266,VALID,ACCEPT
0.025,93,0.025559105431309903,0.017142857142857144,0.005934718100890208,VALID,ACCEPT
0.025,94,0.00625,0.0169971671388102,0.021406727828746176,VALID,ACCEPT
0.025,95,0.0,0.03125,0.003105590062111801,VALID,ACCEPT
0.025,96,0.00872093023255814,0.01592356687898089,0.023391812865497075,VALID,ACCEPT
0.025,97,0.021739130434782608,0.015015015015015015,0.008695652173913044,VALID,ACCEPT
0.025,98,0.02349869451697128,0.0189873417721519,0.019933554817275746,VALID,ACCEPT
0.025,99,0.0030581039755351682,0.013404825737265416,0.02,VALID,ACCEPT
0.025,100,0.008771929824561403,0.020895522388059702,0.01238390092879257,VALID,ACCEPT
0.03,1,0.01607717041800643,0.016129032258064516,0.028391167192429023,VALID,ACCEPT
0.03,2,0.018575851393188854,0.026058631921824105,0.013513513513513514,VALID,ACCEPT
0.03,3,0.023668639053254437,0.029411764705882353,0.018633540372670808,VALID,ACCEPT
0.03,4,0.029585798816568046,0.008522727272727272,0.04516129032258064,INCONCLUSIVE,INCONCLUSIVE
0.03,5,0.017804154302670624,0.01744186046511628,0.009404388714733543,VALID,ACCEPT
0.03,6,0.015527950310559006,0.04225352112676056,0.015479876160990712,INCONCLUSIVE,INCONCLUSIVE
0.03,7,0.012779552715654952,0.012048192771084338,0.011267605633802818,VALID,ACCEPT
0.03,8,0.00909090909090909,0.020527859237536656,0.00303951367781155,VALID,ACCEPT
0.03,9,0.0377906976744186,0.015015015015015015,0.02476780185758514,VALID,ACCEPT
0.03,10,0.02359882005899705,0.009174311926605505,0.02694610778443114,VALID,ACCEPT
0.03,11,0.03374233128834356,0.020289855072463767,0.02735562310030395,VALID,ACCEPT
0.03,12,0.01483679525222552,0.04216867469879518,0.01812688821752266,INCONCLUSIVE,INCONCLUSIVE
0.03,13,0.02967359050445104,0.021671826625386997,0.020588235294117647,VALID,ACCEPT
0.03,14,0.012539184952978056,0.022082018927444796,0.008241758241758242,VALID,ACCEPT
0.03,15,0.017595307917888565,0.027439024390243903,0.021148036253776436,VALID,ACCEPT
0.03,16,0.02416918429003021,0.014925373134328358,0.014970059880239521,VALID,ACCEPT
0.03,17,0.026737967914438502,0.034055727554179564,0.0297029702970297,VALID,ACCEPT
0.03,18,0.015060240963855422,0.02616279069767442,0.015432098765432098,VALID,ACCEPT
0.03,19,0.028985507246376812,0.01791044776119403,0.0125,VALID,ACCEPT
0.03,20,0.022099447513812154,0.013071895424836602,0.018072289156626505,VALID,ACCEPT
0.03,21,0.02727272727272727,0.021212121212121213,0.008823529411764706,VALID,ACCEPT
0.03,22,0.0169971671388102,0.01812688821752266,0.015822784810126583,VALID,ACCEPT
0.03,23,0.014534883720930232,0.01488095238095238,0.01875,VALID,ACCEPT
0.03,24,0.011142061281337047,0.04229607250755287,0.012903225806451613,INCONCLUSIVE,INCONCLUSIVE
0.03,25,0.024464831804281346,0.01875,0.0169971671388102,VALID,ACCEPT
0.03,26,0.008875739644970414,0.030211480362537766,0.01812688821752266,VALID,ACCEPT
0.03,27,0.025423728813559324,0.019337016574585635,0.03169014084507042,VALID,ACCEPT
0.03,28,0.020895522388059702,0.024096385542168676,0.021021021021021023,VALID,ACCEPT
0.03,29,0.006430868167202572,0.008670520231213872,0.026239067055393587,VALID,ACCEPT
0.03,30,0.018867924528301886,0.020348837209302327,0.014792899408284023,VALID,ACCEPT
0.03,31,0.017699115044247787,0.022535211267605635,0.032679738562091505,VALID,ACCEPT
0.03,32,0.022988505747126436,0.027607361963190184,0.027607361963190184,VALID,ACCEPT
0.03,33,0.024464831804281346,0.02346041055718475,0.012048192771084338,VALID,ACCEPT
0.03,34,0.016216216216216217,0.022508038585209004,0.0219435736677116,VALID,ACCEPT
0.03,35,0.026392961876832845,0.023668639053254437,0.021806853582554516,VALID,ACCEPT
0.03,36,0.022408963585434174,0.00967741935483871,0.02702702702702703,VALID,ACCEPT
0.03,37,0.008620689655172414,0.015479876160990712,0.0243161094224924,VALID,ACCEPT
0.03,38,0.025477707006369428,0.014084507042253521,0.03323262839879154,VALID,ACCEPT
0.03,39,0.024024024024024024,0.03582089552238806,0.02710843373493976,VALID,ACCEPT
0.03,40,0.006042296072507553,0.020895522388059702,0.029940119760479042,VALID,ACCEPT
0.03,41,0.03283582089552239,0.03773584905660377,0.011527377521613832,VALID,ACCEPT
0.03,42,0.020958083832335328,0.01238390092879257,0.029154518950437316,VALID,ACCEPT
0.03,43,0.014619883040935672,0.015772870662460567,0.02932551319648094,VALID,ACCEPT
0.03,44,0.032448377581120944,0.01818181818181818,0.01812688821752266,VALID,ACCEPT
0.03,45,0.012307692307692308,0.014925373134328358,0.020588235294117647,VALID,ACCEPT
0.03,46,0.020958083832335328,0.018292682926829267,0.038461538461538464,VALID,ACCEPT
0.03,47,0.01812688821752266,0.018808777429467086,0.02857142857142857,VALID,ACCEPT
0.03,48,0.021021021021021023,0.0182370820668693,0.01775147928994083,VALID,ACCEPT
0.03,49,0.03134796238244514,0.020348837209302327,0.017804154302670624,VALID,ACCEPT
0.03,50,0.011904761904761904,0.021538461538461538,0.032448377581120944,VALID,ACCEPT
0.03,51,0.02476780185758514,0.02865329512893983,0.01524390243902439,VALID,ACCEPT
0.03,52,0.011661807580174927,0.022435897435897436,0.020289855072463767,VALID,ACCEPT
0.03,53,0.00847457627118644,0.015527950310559006,0.006172839506172839,VALID,ACCEPT
0.03,54,0.018461538461538463,0.009146341463414634,0.023054755043227664,VALID,ACCEPT
0.03,55,0.012461059190031152,0.042492917847025496,0.024539877300613498,INCONCLUSIVE,INCONCLUSIVE
0.03,56,0.01440922190201729,0.023333333333333334,0.0169971671388102,VALID,ACCEPT
0.03,57,0.014705882352941176,0.0219435736677116,0.0,VALID,ACCEPT
0.03,58,0.021739130434782608,0.014705882352941176,0.04437869822485207,INCONCLUSIVE,INCONCLUSIVE
0.03,59,0.014326647564469915,0.006153846153846154,0.018404907975460124,VALID,ACCEPT
0.03,60,0.026627218934911243,0.017804154302670624,0.009230769230769232,VALID,ACCEPT
0.03,61,0.021148036253776436,0.02023121387283237,0.015479876160990712,VALID,ACCEPT
0.03,62,0.017595307917888565,0.025236593059936908,0.03216374269005848,VALID,ACCEPT
0.03,63,0.015105740181268883,0.018808777429467086,0.02,VALID,ACCEPT
0.03,64,0.009259259259259259,0.027855153203342618,0.015772870662460567,VALID,ACCEPT
0.03,65,0.02631578947368421,0.015527950310559006,0.01488095238095238,VALID,ACCEPT
0.03,66,0.01557632398753894,0.008902077151335312,0.011695906432748537,VALID,ACCEPT
0.03,67,0.023880597014925373,0.0182370820668693,0.02976190476190476,VALID,ACCEPT
0.03,68,0.032448377581120944,0.013927576601671309,0.009933774834437087,VALID,ACCEPT
0.03,69,0.01818181818181818,0.02865329512893983,0.021806853582554516,VALID,ACCEPT
0.03,70,0.031791907514450865,0.008849557522123894,0.009523809523809525,VALID,ACCEPT
0.03,71,0.023121387283236993,0.013071895424836602,0.008620689655172414,VALID,ACCEPT
0.03,72,0.011396011396011397,0.015197568389057751,0.03125,VALID,ACCEPT
0.03,73,0.026239067055393587,0.014792899408284023,0.01567398119122257,VALID,ACCEPT
0.03,74,0.009036144578313253,0.011904761904761904,0.03313253012048193,VALID,ACCEPT
0.03,75,0.009230769230769232,0.008902077151335312,0.03254437869822485,VALID,ACCEPT
0.03,76,0.019886363636363636,0.012539184952978056,0.00911854103343465,VALID,ACCEPT
0.03,77,0.024096385542168676,0.021671826625386997,0.02318840579710145,VALID,ACCEPT
0.03,78,0.016339869281045753,0.019943019943019943,0.01749271137026239,VALID,ACCEPT
0.03,79,0.02857142857142857,0.008746355685131196,0.017543859649122806,VALID,ACCEPT
0.03,80,0.005847953216374269,0.026865671641791045,0.015479876160990712,VALID,ACCEPT
0.03,81,0.03254437869822485,0.012539184952978056,0.014577259475218658,VALID,ACCEPT
0.03,82,0.005698005698005698,0.01238390092879257,0.012269938650306749,VALID,ACCEPT
0.03,83,0.035398230088495575,0.031545741324921134,0.02616279069767442,VALID,ACCEPT
0.03,84,0.012987012987012988,0.008571428571428572,0.017543859649122806,VALID,ACCEPT
0.03,85,0.03197674418604651,0.0182370820668693,0.01529051987767584,VALID,ACCEPT
0.03,86,0.008849557522123894,0.03481012658227848,0.014492753623188406,VALID,ACCEPT
0.03,87,0.029498525073746312,0.022988505747126436,0.022364217252396165,VALID,ACCEPT
0.03,88,0.02,0.021739130434782608,0.009146341463414634,VALID,ACCEPT
0.03,89,0.021021021021021023,0.019498607242339833,0.012987012987012988,VALID,ACCEPT
0.03,90,0.014925373134328358,0.011527377521613832,0.018867924528301886,VALID,ACCEPT
0.03,91,0.014285714285714285,0.008695652173913044,0.02622950819672131,VALID,ACCEPT
0.03,92,0.026470588235294117,0.015822784810126583,0.011627906976744186,VALID,ACCEPT
0.03,93,0.006472491909385114,0.01904761904761905,0.007978723404255319,VALID,ACCEPT
0.03,94,0.002967359050445104,0.011428571428571429,0.025559105431309903,VALID,ACCEPT
0.03,95,0.017142857142857144,0.036036036036036036,0.031545741324921134,VALID,ACCEPT
0.03,96,0.018691588785046728,0.028735632183908046,0.00906344410876133,VALID,ACCEPT
0.03,97,0.016216216216216217,0.02476780185758514,0.013029315960912053,VALID,ACCEPT
0.03,98,0.029498525073746312,0.028037383177570093,0.011764705882352941,VALID,ACCEPT
0.03,99,0.036036036036036036,0.011527377521613832,0.01875,VALID,ACCEPT
0.03,100,0.027522935779816515,0.030959752321981424,0.011428571428571429,VALID,ACCEPT
0.035,1,0.028169014084507043,0.02735562310030395,0.02531645569620253,VALID,ACCEPT
0.035,2,0.03636363636363636,0.02346041055718475,0.02127659574468085,VALID,ACCEPT
0.035,3,0.028169014084507043,0.03273809523809524,0.022653721682847898,VALID,ACCEPT
0.035,4,0.0345821325648415,0.023880597014925373,0.0220125786163522,VALID,ACCEPT
0.035,5,0.04105571847507331,0.024615384615384615,0.020958083832335328,INCONCLUSIVE,INCONCLUSIVE
0.035,6,0.0121580547112462,0.01729106628242075,0.030864197530864196,VALID,ACCEPT
0.035,7,0.02476780185758514,0.02416918429003021,0.02601156069364162,VALID,ACCEPT
0.035,8,0.039634146341463415,0.011527377521613832,0.027692307692307693,VALID,ACCEPT
0.035,9,0.011695906432748537,0.033846153846153845,0.024024024024024024,VALID,ACCEPT
0.035,10,0.021021021021021023,0.01639344262295082,0.022099447513812154,VALID,ACCEPT
0.035,11,0.024096385542168676,0.018292682926829267,0.03823529411764706,VALID,ACCEPT
0.035,12,0.03529411764705882,0.018633540372670808,0.014792899408284023,VALID,ACCEPT
0.035,13,0.02967359050445104,0.02735562310030395,0.017964071856287425,VALID,ACCEPT
0.035,14,0.0196078431372549,0.028011204481792718,0.01483679525222552,VALID,ACCEPT
0.035,15,0.023529411764705882,0.03529411764705882,0.025,VALID,ACCEPT
0.035,16,0.01567398119122257,0.021021021021021023,0.02586206896551724,VALID,ACCEPT
0.035,17,0.02373887240356083,0.02786377708978328,0.023529411764705882,VALID,ACCEPT
0.035,18,0.015337423312883436,0.0226628895184136,0.037383177570093455,VALID,ACCEPT
0.035,19,0.021406727828746176,0.012084592145015106,0.029239766081871343,VALID,ACCEPT
0.035,20,0.029940119760479042,0.025495750708215296,0.006389776357827476,VALID,ACCEPT
0.035,21,0.011661807580174927,0.012121212121212121,0.01529051987767584,VALID,ACCEPT
0.035,22,0.03305785123966942,0.01592356687898089,0.021671826625386997,VALID,ACCEPT
0.035,23,0.012422360248447204,0.011267605633802818,0.021671826625386997,VALID,ACCEPT
0.035,24,0.036585365853658534,0.017341040462427744,0.02147239263803681,VALID,ACCEPT
0.035,25,0.02064896755162242,0.023952095808383235,0.021406727828746176,VALID,ACCEPT
0.035,26,0.023054755043227664,0.0189873417721519,0.017804154302670624,VALID,ACCEPT
0.035,27,0.027247956403269755,0.0220125786163522,0.02857142857142857,VALID,ACCEPT
0.035,28,0.021406727828746176,0.041666666666666664,0.024930747922437674,VALID,ACCEPT
0.035,29,0.02976190476190476,0.019543973941368076,0.011204481792717087,VALID,ACCEPT
0.035,30,0.023529411764705882,0.024242424242424242,0.024242424242424242,VALID,ACCEPT
0.035,31,0.022792022792022793,0.01818181818181818,0.0219435736677116,VALID,ACCEPT
0.035,32,0.03857566765578635,0.04075235109717868,0.014534883720930232,VALID,ACCEPT
0.035,33,0.023952095808383235,0.02064896755162242,0.024464831804281346,VALID,ACCEPT
0.035,34,0.023880597014925373,0.015151515151515152,0.020895522388059702,VALID,ACCEPT
0.035,35,0.015772870662460567,0.019337016574585635,0.01557632398753894,VALID,ACCEPT
0.035,36,0.019178082191780823,0.018691588785046728,0.028662420382165606,VALID,ACCEPT
0.035,37,0.024539877300613498,0.041791044776119404,0.017699115044247787,INCONCLUSIVE,INCONCLUSIVE
0.035,38,0.03812316715542522,0.030211480362537766,0.012195121951219513,VALID,ACCEPT
0.035,39,0.027439024390243903,0.018018018018018018,0.02064896755162242,VALID,ACCEPT
0.035,40,0.019830028328611898,0.0125,0.027522935779816515,VALID,ACCEPT
0.035,41,0.01892744479495268,0.019662921348314606,0.024464831804281346,VALID,ACCEPT
0.035,42,0.03343465045592705,0.020348837209302327,0.021406727828746176,VALID,ACCEPT
0.035,43,0.017699115044247787,0.024390243902439025,0.021021021021021023,VALID,ACCEPT
0.035,44,0.018461538461538463,0.02608695652173913,0.02727272727272727,VALID,ACCEPT
0.035,45,0.030959752321981424,0.025157232704402517,0.033426183844011144,VALID,ACCEPT
0.035,46,0.02881844380403458,0.029154518950437316,0.02903225806451613,VALID,ACCEPT
0.035,47,0.01529051987767584,0.020958083832335328,0.008849557522123894,VALID,ACCEPT
0.035,48,0.028409090909090908,0.00964630225080386,0.026706231454005934,VALID,ACCEPT
0.035,49,0.025,0.024096385542168676,0.04885057471264368,INCONCLUSIVE,INCONCLUSIVE
0.035,50,0.012195121951219513,0.02881844380403458,0.012307692307692308,VALID,ACCEPT
0.035,51,0.03768115942028986,0.02416918429003021,0.015432098765432098,VALID,ACCEPT
0.035,52,0.014450867052023121,0.017595307917888565,0.01597444089456869,VALID,ACCEPT
0.035,53,0.03459119496855346,0.03363914373088685,0.016901408450704224,VALID,ACCEPT
0.035,54,0.019553072625698324,0.02348993288590604,0.014534883720930232,VALID,ACCEPT
0.035,55,0.020895522388059702,0.02040816326530612,0.027950310559006212,VALID,ACCEPT
0.035,56,0.02064896755162242,0.03323262839879154,0.012121212121212121,VALID,ACCEPT
0.035,57,0.040345821325648415,0.015479876160990712,0.015151515151515152,VALID,ACCEPT
0.035,58,0.021538461538461538,0.00847457627118644,0.012461059190031152,VALID,ACCEPT
0.035,59,0.00872093023255814,0.0031645569620253164,0.011764705882352941,VALID,ACCEPT
0.035,60,0.009287925696594427,0.028735632183908046,0.0425531914893617,INCONCLUSIVE,INCONCLUSIVE
0.035,61,0.02564102564102564,0.021148036253776436,0.015723270440251572,VALID,ACCEPT
0.035,62,0.03142857142857143,0.008771929824561403,0.025974025974025976,VALID,ACCEPT
0.035,63,0.009708737864077669,0.028409090909090908,0.017699115044247787,VALID,ACCEPT
0.035,64,0.022535211267605635,0.02857142857142857,0.03636363636363636,VALID,ACCEPT
0.035,65,0.027932960893854747,0.01935483870967742,0.024096385542168676,VALID,ACCEPT
0.035,66,0.015197568389057751,0.02359882005899705,0.015060240963855422,VALID,ACCEPT
0.035,67,0.017094017094017096,0.03426791277258567,0.03048780487804878,VALID,ACCEPT
0.035,68,0.012307692307692308,0.04335260115606936,0.0243161094224924,INCONCLUSIVE,INCONCLUSIVE
0.035,69,0.009404388714733543,0.03519061583577713,0.0058823529411764705,VALID,ACCEPT
0.035,70,0.014124293785310734,0.02710843373493976,0.028662420382165606,VALID,ACCEPT
0.035,71,0.038461538461538464,0.017699115044247787,0.034055727554179564,VALID,ACCEPT
0.035,72,0.020958083832335328,0.017804154302670624,0.02127659574468085,VALID,ACCEPT
0.035,73,0.02040816326530612,0.025139664804469275,0.023411371237458192,VALID,ACCEPT
0.035,74,0.026239067055393587,0.02127659574468085,0.01524390243902439,VALID,ACCEPT
0.035,75,0.02556818181818182,0.01238390092879257,0.024615384615384615,VALID,ACCEPT
0.035,76,0.034782608695652174,0.03880597014925373,0.025,VALID,ACCEPT
0.035,77,0.025,0.018867924528301886,0.031055900621118012,VALID,ACCEPT
0.035,78,0.01238390092879257,0.020527859237536656,0.017857142857142856,VALID,ACCEPT
0.035,79,0.03389830508474576,0.029498525073746312,0.03257328990228013,VALID,ACCEPT
0.035,80,0.010452961672473868,0.019830028328611898,0.013888888888888888,VALID,ACCEPT
0.035,81,0.02108433734939759,0.020833333333333332,0.02108433734939759,VALID,ACCEPT
0.035,82,0.00641025641025641,0.02601156069364162,0.02046783625730994,VALID,ACCEPT
0.035,83,0.028938906752411574,0.014577259475218658,0.017341040462427744,VALID,ACCEPT
0.035,84,0.021875,0.020289855072463767,0.020895522388059702,VALID,ACCEPT
0.035,85,0.03625377643504532,0.03254437869822485,0.00906344410876133,VALID,ACCEPT
0.035,86,0.011594202898550725,0.017543859649122806,0.04153354632587859,VALID,ACCEPT
0.035,87,0.01557632398753894,0.028735632183908046,0.030211480362537766,VALID,ACCEPT
0.035,88,0.011299435028248588,0.019169329073482427,0.012012012012012012,VALID,ACCEPT
0.035,89,0.03134796238244514,0.005865102639296188,0.023529411764705882,VALID,ACCEPT
0.035,90,0.011834319526627219,0.015723270440251572,0.029069767441860465,VALID,ACCEPT
0.035,91,0.017045454545454544,0.019417475728155338,0.035398230088495575,VALID,ACCEPT
0.035,92,0.028391167192429023,0.008522727272727272,0.01812688821752266,VALID,ACCEPT
0.035,93,0.022727272727272728,0.016722408026755852,0.008595988538681949,VALID,ACCEPT
0.035,94,0.02406417112299465,0.01818181818181818,0.030405405405405407,VALID,ACCEPT
0.035,95,0.018691588785046728,0.02786377708978328,0.02247191011235955,VALID,ACCEPT
0.035,96,0.018292682926829267,0.03003003003003003,0.011799410029498525,VALID,ACCEPT
0.035,97,0.04126984126984127,0.0226628895184136,0.02108433734939759,VALID,ACCEPT
0.035,98,0.019444444444444445,0.01935483870967742,0.006060606060606061,VALID,ACCEPT
0.035,99,0.012307692307692308,0.031609195402298854,0.021406727828746176,VALID,ACCEPT
0.035,100,0.024922118380062305,0.04,0.014124293785310734,VALID,ACCEPT
0.04,1,0.024691358024691357,0.018867924528301886,0.008379888268156424,VALID,ACCEPT
0.04,2,0.027777777777777776,0.024657534246575342,0.028938906752411574,VALID,ACCEPT
0.04,3,0.02786377708978328,0.04024767801857585,0.014124293785310734,VALID,ACCEPT
0.04,4,0.025806451612903226,0.028328611898016998,0.017804154302670624,VALID,ACCEPT
0.04,5,0.026706231454005934,0.04154302670623145,0.02147239263803681,INCONCLUSIVE,INCONCLUSIVE
0.04,6,0.03498542274052478,0.030303030303030304,0.021406727828746176,VALID,ACCEPT
0.04,7,0.021212121212121213,0.0243161094224924,0.02932551319648094,VALID,ACCEPT
0.04,8,0.014925373134328358,0.02735562310030395,0.020833333333333332,VALID,ACCEPT
0.04,9,0.01834862385321101,0.039755351681957186,0.017341040462427744,VALID,ACCEPT
0.04,10,0.023529411764705882,0.03908794788273615,0.0339943342776204,VALID,ACCEPT
0.04,11,0.034383954154727794,0.01524390243902439,0.021671826625386997,VALID,ACCEPT
0.04,12,0.021739130434782608,0.015384615384615385,0.025495750708215296,VALID,ACCEPT
0.04,13,0.009375,0.04398826979472141,0.032448377581120944,INCONCLUSIVE,INCONCLUSIVE
0.04,14,0.03560830860534125,0.011869436201780416,0.03987730061349693,VALID,ACCEPT
0.04,15,0.02875399361022364,0.02,0.020771513353115726,VALID,ACCEPT
0.04,16,0.0219435736677116,0.0196078431372549,0.037037037037037035,VALID,ACCEPT
0.04,17,0.02147239263803681,0.038461538461538464,0.017857142857142856,VALID,ACCEPT
0.04,18,0.019736842105263157,0.022535211267605635,0.02346041055718475,VALID,ACCEPT
0.04,19,0.01749271137026239,0.02564102564102564,0.002898550724637681,VALID,ACCEPT
0.04,20,0.03735632183908046,0.03986710963455149,0.039886039886039885,VALID,ACCEPT
0.04,21,0.0243161094224924,0.02830188679245283,0.028328611898016998,VALID,ACCEPT
0.04,22,0.045714285714285714,0.0243161094224924,0.04361370716510903,REJECT,REJECT
0.04,23,0.015432098765432098,0.008670520231213872,0.024242424242424242,VALID,ACCEPT
0.04,24,0.02666666666666667,0.03305785123966942,0.02967359050445104,VALID,ACCEPT
0.04,25,0.014925373134328358,0.02608695652173913,0.04375,INCONCLUSIVE,INCONCLUSIVE
0.04,26,0.02824858757062147,0.02875399361022364,0.03003003003003003,VALID,ACCEPT
0.04,27,0.024691358024691357,0.0110803324099723,0.01904761904761905,VALID,ACCEPT
0.04,28,0.039634146341463415,0.042735042735042736,0.03426791277258567,INCONCLUSIVE,INCONCLUSIVE
0.04,29,0.014970059880239521,0.03581267217630854,0.0462046204620462,INCONCLUSIVE,INCONCLUSIVE
0.04,30,0.03481012658227848,0.04281345565749235,0.025210084033613446,INCONCLUSIVE,INCONCLUSIVE
0.04,31,0.02601156069364162,0.024615384615384615,0.03343465045592705,VALID,ACCEPT
0.04,32,0.026239067055393587,0.027210884353741496,0.03581267217630854,VALID,ACCEPT
0.04,33,0.026239067055393587,0.006172839506172839,0.018018018018018018,VALID,ACCEPT
0.04,34,0.019943019943019943,0.019672131147540985,0.03197674418604651,VALID,ACCEPT
0.04,35,0.017699115044247787,0.01812688821752266,0.02727272727272727,VALID,ACCEPT
0.04,36,0.023054755043227664,0.03353658536585366,0.033846153846153845,VALID,ACCEPT
0.04,37,0.04819277108433735,0.036931818181818184,0.028481012658227847,INCONCLUSIVE,INCONCLUSIVE
0.04,38,0.006600660066006601,0.03409090909090909,0.0463768115942029,INCONCLUSIVE,INCONCLUSIVE
0.04,39,0.0223463687150838,0.02416918429003021,0.03215434083601286,VALID,ACCEPT
0.04,40,0.045871559633027525,0.024024024024024024,0.03235294117647059,INCONCLUSIVE,INCONCLUSIVE
0.04,41,0.03333333333333333,0.02727272727272727,0.029411764705882353,VALID,ACCEPT
0.04,42,0.024464831804281346,0.03225806451612903,0.03581267217630854,VALID,ACCEPT
0.04,43,0.030303030303030304,0.04,0.01483679525222552,VALID,ACCEPT
0.04,44,0.026785714285714284,0.021604938271604937,0.03529411764705882,VALID,ACCEPT
0.04,45,0.03188405797101449,0.03170028818443804,0.025974025974025976,VALID,ACCEPT
0.04,46,0.022857142857142857,0.011764705882352941,0.025806451612903226,VALID,ACCEPT
0.04,47,0.029069767441860465,0.04294478527607362,0.03939393939393939,INCONCLUSIVE,INCONCLUSIVE
0.04,48,0.018018018018018018,0.03519061583577713,0.02147239263803681,VALID,ACCEPT
0.04,49,0.021798365122615803,0.03492063492063492,0.02830188679245283,VALID,ACCEPT
0.04,50,0.011235955056179775,0.02821316614420063,0.033846153846153845,VALID,ACCEPT
0.04,51,0.02416918429003021,0.02346041055718475,0.01524390243902439,VALID,ACCEPT
0.04,52,0.013812154696132596,0.018867924528301886,0.034375,VALID,ACCEPT
0.04,53,0.03428571428571429,0.02694610778443114,0.012658227848101266,VALID,ACCEPT
0.04,54,0.022364217252396165,0.02005730659025788,0.026627218934911243,VALID,ACCEPT
0.04,55,0.015384615384615385,0.01238390092879257,0.019886363636363636,VALID,ACCEPT
0.04,56,0.03216374269005848,0.02356902356902357,0.04155124653739612,INCONCLUSIVE,INCONCLUSIVE
0.04,57,0.02476780185758514,0.024861878453038673,0.01904761904761905,VALID,ACCEPT
0.04,58,0.043835616438356165,0.02572347266881029,0.027777777777777776,INCONCLUSIVE,INCONCLUSIVE
0.04,59,0.03313253012048193,0.014970059880239521,0.011976047904191617,VALID,ACCEPT
0.04,60,0.029154518950437316,0.028938906752411574,0.02023121387283237,VALID,ACCEPT
0.04,61,0.04046242774566474,0.01729106628242075,0.03257328990228013,VALID,ACCEPT
0.04,62,0.018575851393188854,0.046296296296296294,0.0339943342776204,INCONCLUSIVE,INCONCLUSIVE
0.04,63,0.028125,0.02849002849002849,0.02127659574468085,VALID,ACCEPT
0.04,64,0.025078369905956112,0.029154518950437316,0.020710059171597635,VALID,ACCEPT
0.04,65,0.046875,0.027692307692307693,0.022535211267605635,INCONCLUSIVE,INCONCLUSIVE
0.04,66,0.014084507042253521,0.03773584905660377,0.027522935779816515,VALID,ACCEPT
0.04,67,0.01764705882352941,0.03170028818443804,0.022364217252396165,VALID,ACCEPT
0.04,68,0.017964071856287425,0.03125,0.023121387283236993,VALID,ACCEPT
0.04,69,0.023952095808383235,0.020833333333333332,0.03939393939393939,VALID,ACCEPT
0.04,70,0.029585798816568046,0.03151862464183381,0.022364217252396165,VALID,ACCEPT
0.04,71,0.021406727828746176,0.022222222222222223,0.0223463687150838,VALID,ACCEPT
0.04,72,0.03076923076923077,0.02786377708978328,0.022727272727272728,VALID,ACCEPT
0.04,73,0.036585365853658534,0.023668639053254437,0.020958083832335328,VALID,ACCEPT
0.04,74,0.017543859649122806,0.012861736334405145,0.02881844380403458,VALID,ACCEPT
0.04,75,0.015527950310559006,0.008595988538681949,0.0121580547112462,VALID,ACCEPT
0.04,76,0.053691275167785234,0.025936599423631124,0.036619718309859155,INCONCLUSIVE,INCONCLUSIVE
0.04,77,0.022950819672131147,0.04424778761061947,0.02247191011235955,INCONCLUSIVE,INCONCLUSIVE
0.04,78,0.027522935779816515,0.03058103975535168,0.04046242774566474,VALID,ACCEPT
0.04,79,0.017964071856287425,0.02622950819672131,0.024930747922437674,VALID,ACCEPT
0.04,80,0.030303030303030304,0.020289855072463767,0.021538461538461538,VALID,ACCEPT
0.04,81,0.02359882005899705,0.028391167192429023,0.03488372093023256,VALID,ACCEPT
0.04,82,0.04411764705882353,0.015015015015015015,0.03058103975535168,INCONCLUSIVE,INCONCLUSIVE
0.04,83,0.01892744479495268,0.022099447513812154,0.024922118380062305,VALID,ACCEPT
0.04,84,0.031446540880503145,0.025069637883008356,0.018575851393188854,VALID,ACCEPT
0.04,85,0.02666666666666667,0.016666666666666666,0.03823529411764706,VALID,ACCEPT
0.04,86,0.02710843373493976,0.026785714285714284,0.024096385542168676,VALID,ACCEPT
0.04,87,0.019390581717451522,0.02821316614420063,0.01875,VALID,ACCEPT
0.04,88,0.04046242774566474,0.018691588785046728,0.036036036036036036,VALID,ACCEPT
0.04,89,0.011396011396011397,0.021604938271604937,0.04923076923076923,INCONCLUSIVE,INCONCLUSIVE
0.04,90,0.022222222222222223,0.020833333333333332,0.04011461318051576,VALID,ACCEPT
0.04,91,0.02710843373493976,0.03254437869822485,0.045454545454545456,INCONCLUSIVE,INCONCLUSIVE
0.04,92,0.02976190476190476,0.024096385542168676,0.018072289156626505,VALID,ACCEPT
0.04,93,0.038348082595870206,0.03571428571428571,0.018461538461538463,VALID,ACCEPT
0.04,94,0.011560693641618497,0.024615384615384615,0.0364741641337386,VALID,ACCEPT
0.04,95,0.01652892561983471,0.022727272727272728,0.02735562310030395,VALID,ACCEPT
0.04,96,0.020527859237536656,0.017857142857142856,0.034055727554179564,VALID,ACCEPT
0.04,97,0.02147239263803681,0.03757225433526012,0.03353658536585366,VALID,ACCEPT
0.04,98,0.034161490683229816,0.036585365853658534,0.03428571428571429,VALID,ACCEPT
0.04,99,0.0223463687150838,0.03761755485893417,0.043343653250773995,INCONCLUSIVE,INCONCLUSIVE
0.04,100,0.020958083832335328,0.021212121212121213,0.023809523809523808,VALID,ACCEPT
